{
  "generation": 1,
  "status": "completed",
  "implementation": "numpy_based",
  "final_loss": 0.996297869484666,
  "training_time_seconds": 0.7562975883483887,
  "inference_time_ms": 2.4521350860595703,
  "convergence": 