{
  "generation": 1,
  "status": "completed",
  "implementation": "numpy_fixed",
  "final_loss": 0.027132429045810508,
  "training_time_seconds": 1.6389095783233643,
  "inference_time_ms": 13.303995132446289,
  "convergence": 0.0,
  "loss_reduction": -0.11691440737128188,
  "average_uncertainty": 0.03203171794438208,
  "model_complexity": "fixed_dimensions",
  "num_parameters": 135200.0,
  "validation_passed": true,
  "attention_diversity": 3.9120225054227604,
  "diffusion_steps_completed": 4
}